Canada,United Kingdom
Canada,United States of America
Canada,Brazil
United States of America,Japan
United States of America,United Kingdom
United States of America,France
United States of America,Nigeria
United States of America,Brazil
United States of America,Argentina
Argentina,Brazil
Argentina,South Africa
Brazil,Nigeria
Brazil,France
Brazil,South Africa
United Kingdom,Russia
United Kingdom,Hong Kong
United Kingdom,India
United Kingdom,Germany
United Kingdom,UAE
United Kingdom,France
France,Germany
France,Italy
Italy,Nigeria
Italy,Egypt
Italy,Germany
Germany,Russia
Russia,UAE
Russia,India
Russia,Japan
Russia,China
Egypt,UAE
Egypt,Kenya
Nigeria,Kenya
Nigeria,South Africa
Kenya,UAE
Kenya,South Africa
South Africa,India
UAE,India
India,Singapore
India,Hong Kong
India,Australia
China,Japan
China,Singapore
China,Hong Kong
Hong Kong,Australia
Hong Kong,Japan
Hong Kong,Singapore
Singapore,Japan
Singapore,Australia
Australia,Japan